{
  "3874KLVA5P": {
    "duration_days": 7,
    "expiry_date": "2025-04-22T19:21:48.107229",
    "used_by": 5052012233
  },
  "XKOHJ9E3FN": {
    "duration_days": 7,
    "expiry_date": "2025-04-22T19:22:40.236593",
    "used_by": null
  },
  "VS43R89FKF": {
    "duration_days": 30,
    "expiry_date": "2025-05-15T19:23:57.162457",
    "used_by": 2053912772
  },
  "S7UGN3I9QD": {
    "duration_days": 7,
    "expiry_date": "2025-04-22T19:39:36.500364",
    "used_by": null
  },
  "ODPPNFFW5O": {
    "duration_days": 7,
    "expiry_date": "2025-05-01T04:55:32.859552",
    "used_by": 2053912772
  }
}